code,title,genre,directors,actors,running,story,,,,,,,,,,
213364,인생은 뷰티풀: 비타돌체,"공연실황,다큐멘터리","김선형,오윤동","김호중,원태연,이주호",1,언제나 화면 정 중앙에 비춰지며 스포트라이트를 한 몸에 받는 스타, ‘트바로티’ 김호중. 하지만 그가 담긴 ‘틀’의 바깥에는 구석지고 어두운, 그럼에도 불구하고 아름다운 또 다른 이야기가 있다.<br/><br/>김호중의 두 번째 극장 영화 <인생은 뷰티풀: 비타돌체>는 틀 바깥으로 잘려 버린 이야기, 사람들의 시선에 갇혀 보이지 않았던 청년 김호중의 이야기, 그리고 그것에서 벗어나려는 가수 김호중의 진솔한 목소리를 전한다.<br/><br/>공연 실황 다큐멘터리 <인생은 뷰티풀: 비타돌체>에서는 오직 이 영화만을 위해 무대를 꾸민 김호중 단독 공연을 최초 공개한다.  트로트 가수 김호중이라는 고정관념에서 벗어나 처음 음악에 대한 열정을 갖게 해 준 클래식 음악들로 구성되어 그의 웅장한 목소리를 생생하게 감상 할 수 있다.<br/><br/>여기에 꿈 많은 스무 살, 음악에 대한 동경으로 떠났던 이탈리아를 다시 찾는 김호중의 다큐 여행기와 버스킹 공연까지 모두 담아 김호중이 그동안 전하고 싶었던 이야기들, 불안하고 가슴 아프기도 했던 속내까지 그의 인생이 <인생은 뷰티풀: 비타돌체>에 모두 담긴다.<br/><br/>김호중이 들려주는 음악 이야기는 모두의 가슴에 깊은 여운과 감동을 선사할 것이다.,,,,
81888,탑건: 매버릭,액션,조셉 코신스키,"톰 크루즈, 마일즈 텔러, 제니퍼 코넬리",1,최고의 파일럿이자 전설적인 인물 매버릭(톰 크루즈)은 자신이 졸업한 훈련학교 교관으로 발탁된다.<br/>그의 명성을 모르던 팀원들은 매버릭의 지시를 무시하지만 실전을 방불케 하는 상공 훈련에서 눈으로 봐도 믿기 힘든 전설적인 조종 실력에 모두가 압도된다.<br/><br/>매버릭의 지휘아래 견고한 팀워크를 쌓아가던 팀원들에게 국경을 뛰어넘는 위험한 임무가 주어지자<br/>매버릭은 자신이 가르친 동료들과 함께 마지막이 될 지 모를 하늘 위 비행에 나서는데…,,,,,,,,,,
207524,코코순이,다큐멘터리,이석재,,1,1942년 5월+P4F4:T4E3F4:N4F4:S4, 조선군사령부의 제안으로 일명 파파상, 마마상 부부가 전국을 돌며 취업을 빌미로 부상 병사들을 돌볼 여성을 모집해 부산, 대만, 싱가포르를 거쳐 미얀마에 위치한 일본군‘위안부’ 수용소로 보낸다. 1944년 8월, 연합군과 중국군에 밀린 일본군과 붙잡힌 조선인 여성들은 연합국의 포로가 되어 통역도 없이 일어와 영어로 심문 받은 후 인도 각지로 흩어진다. 그리고 발견된 이들 조선인’위안부’ 20명에 대해 기록한 미 전시정보국 49번 심문보고서에는 “조선인’위안부’는 돈 벌이에 나선 매춘부”라는 것. 20명 중 행적을 알 수 있는 단 한 명, ‘코코순이’라는 이름의 단서를 추적해 왜곡된 기록 속에 감춰진 진실을 밝힌다!<br/><br/>우리는 역사를 기억해야 한다. 과거에도, 현재에도 저들은 거짓을 말하고 있다!,,,
213595,당신의 이웃은 친절하지 않다,"미스터리, 드라마, 범죄, 스릴러",안드로,"변동욱, 조혜진, 전지학",1,남쪽 끝 바닷가 마을.<br/>성당의 고해소에서 여자 신부가 권태로운 표정을 짓고 있다.<br/>신자들의 지루한 고백들만 이어지던 어느날,<br/>갑작스런 사망 사건을 시작으로 마을 전체가 죄악으로 물들기 시작한다.,,,,,,,,,
26271,정,드라마,배창호,"김유미, 김명곤, 윤유선",1,어느 화사한 봄날, 개나리가 피어있는 한적한 마을 어귀 신작로에 한 노파가 앉아있다. 버스를 타고 올 누군가를 기다리며 아스라한 지난 날을 회상한다.<br/>시골 혼인식. 마을은 축제 분위기에 흥분되어있고, 열 여섯의 어여쁜 순이(김유미 분)는 자뭇 긴장한 채로 칠보단장을 한 채 신랑에 대한 아련한 꿈을 갖고 초례청에 나간다. 그러나. 신랑은 겨우 열 살이 지났을까 싶은 어린 아이. 새색시의 꿈은 깨져버리고 어린 신랑의 철 없음과 시어머니의 혹독한 시집살이로 서럽고, 힘든 10년여를 지냈을까. 유학 갔던 신랑은 신 여성을 데리고 돌아온다. 그둘의 사이에 흐르는 기운이 심상치 않음을 느낀 순이. 어느 바람이 몹시 불던 날," 두 사람의 격력한 밀회를 목격한다. 억장이 무너지는 와중에도 순이는 두 남녀의 사랑이 애틋하게 느껴진다. 자신과 이혼하겠다는 남편에게 자신을 미워하는 줄 만 알았던 시어머니는 뜻밖의 말을 한다. ""아무 걱정할 것 없다. 아가... 이 집의 며느리는 너 하나여...""<br/>[스포일러] 순이는 시어머니이 따뜻한 마음을 가지고 집을 나온다. 몇 년이 지난 후 한껏 무르익은 여름날", 옹기를 팔러 순이의 집을 들른 덕순(김명곤 분)은 순이의 고운 모습과 단아한 모습에 반하고 만다. 상투는 틀었지만 총각이었던 덕순은 순이 생각으로 속을 태우다가 마침내 술기운을 빌어 그녀를 보쌈해버린다. 순이는 덕순이 만든 옹기에 자신의 얼굴이 그려진 것을 보고 그의 구애를 받아들인다. 산 속 옹기터에서 순이는 생애 처음으로 남녀간의 사랑을 알고, 행복한 나날을 보낸다. 돌아온 어느 여름날. 장터에 옹기를 팔러나갔던 덕순은 만취해 돌아오다가 소낙비로 갑자기 불어난 개울에 빠져 다음날 아침 싸늘한 주검으로 순이 앞에 나타난다. 순이에게 주려고 산 박가분을 손마디가 꺽일 만큼 꼭 쥐고...,,,,
213453,부적: 남의 운을 빼앗는 자,"액션, 드라마",김세성,"주영호, 권해성, 천민희",1,번번이 오디션에 탈락하는 무명배우 기삼. <br/>자신과 반대로 모든 일에 승승장구하며 할리우드 진출까지 앞둔 스타 운철이 부럽기만 하다. 그러던 어느 날, 기삼은 운을 빼앗을 수 있는 신비한 부적의 존재를 알게 되고, 운철의 모든 행운 역시 자신의 운을 빼앗아 간 부적의 효과임을 알게 되는데… <br/><br/>운을 빼앗은 놈 <br/>그리고, 운을 빼앗긴 놈 <br/><br/>성공하고 싶은 자, 부적을 손에 넣어라!,,,,,,
213415,시맨틱 에러: 더 무비,멜로/로맨스,김수정,"박서함, 박재찬",1,컴공과 '아싸' 추상우의 완벽하게 짜인 일상에 에러처럼 나타난 안하무인 디자인과 '인싸' 장재영,<br/>극과 극 청춘들의 캠퍼스 로맨스가 스크린으로 펼쳐진다!,,,,,,,,,
217719,명탐정 코난: 할로윈의 신부,애니메이션,미츠나카 스스무,,1,극악무도한 폭파범 ‘플라먀’에 의해 교묘한 함정에 빠진 아무로 토오루!<br/>모든 것이 베일에 가려진 ‘플라먀’,<br/>유일한 단서는 아무로 토오루가 그의 경찰 동기들과 마지막으로 함께 했던 하루.<br/>이와 동시에 결혼식의 신부가 된 경시청의 사토 형사는 불길한 예감을 감출 수 없는데…<br/><br/>도시 전체를 인질로 삼은 ‘플라먀’,<br/>그리고 이를 막으려 하는 아무로 토오루와 명탐정 코난의 숨 막히는 공조!<br/>다시 시작된 카운트다운, 할로윈의 밤이 광란으로 빛난다!,,,,,,,
179394,나는보리,"드라마, 가족",김진유,"김아송, 이린하, 곽진석",1,바닷마을에 사는 열한 살 소녀, 보리는 가족 중 유일하게 들을 수 있다.<br/>초등학생이 된 보리는 말로 하는 대화가 점점 더 익숙해지고 수어로 소통하는 가족들 사이에서 외로움을 느끼게 되는데… <br/>소리를 잃고 싶은 아이, 보리의 특별한 소원이 시작된다!,,,,,,,,
163788,알라딘,"모험, 가족, 판타지, 뮤지컬, 멜로/로맨스",가이 리치,"메나 마수드, 윌 스미스 , 나오미 스콧",1,머나먼 사막 속 신비의 아그라바 왕국의 시대.<br/>좀도둑 ‘알라딘’은 마법사 ‘자파’의 의뢰로 마법 램프를 찾아 나섰다가<br/>주인에게 세 가지 소원을 들어주는 지니를 만나게 되고,<br/>자스민 공주의 마음을 얻으려다 생각도 못했던 모험에 휘말리게 되는데…,,,,,,,,,
208463,K클래식 제너레이션,다큐멘터리,티에리 로로,"임지영, 문지영, 조성진",1,전세계로 뻗어 나가고 있는 젊은 한국 클래식 음악가들의 노력과 도전에 대한 놀라운 이야기,,,,,,,,,,
218816,극장판 엄마 까투리: 도시로 간 까투리 가족,애니메이션,정길훈,"김서영, 이윤희 , 김은아",1,엄마 까투리와 꺼병이 4남매는 평화로웠던 숲이 아파트 개발로 위험해지자,<br/>정든 보금자리를 뒤로하고 서둘러 이사를 결심한다.<br/>건너편 산으로 가기 위해서는 위험천만한 도시 한 가운데를 지나야만 하는 상황!<br/>다행히 쥐돌이 가족의 도움으로 하룻밤 안식처를 구하지만, 그것도 잠시…<br/>호시탐탐 꺼병이들을 노리는 도시 길냥이들을 엄마가 혼쭐 내주는 사이,<br/>꺼병이들은 사라져버리고, 아이들을 찾아 나서는 엄마 역시 큰 위험에 처하게 되는데…<br/><br/>과연, 헤어진 엄마 까투리와 꺼병이 4남매는 무사히 새 집에 도착할 수 있을까?,,,,,
10670,천녀유혼,"판타지,공포, 멜로/로맨스, 액션",정소동,"장국영, 왕조현",1,살인자들의 수배에 걸린 현상금을 노리는 무인들과 온갖 범법자들로 인해 혼란한 중국의 한 시대, 남루한 행상으로 수금을 하러 다니던 영채신은 장부가 젖어 지워지는 바람에 착수금은 커녕 하룻밤 숙소도 구하지 못하고, 그는 하는 수 없이 어느 장의사가 가르쳐준 난약사라는 오래된 절을 찾아간다.<br/>그 절은 창백한 얼굴을 한 미모의 귀신이 남자들을 유혹한 뒤 살해하는 무서운 곳이나 영채신은 그것을 모르고 있다.<br/>섭소천이라는 그 귀신은 대가집의 딸로, 간신들의 모함으로 일가족이 죽음을 당해 나무 귀신에게 잡혀 다시 환생하지 못하고 있는 처지다.<br/>영채신은 아름다운 가야금 소리에 이끌려 소천을 만나고, 자신의 아름다움에 반해 있는 채신을 유혹하여 처치하려던 소천은 겁이 많으면서도 순박하기 그지 없는 그에게 사랑을 느끼게 되는데...,,,,,,
218444,아라시 20주년 투어 콘서트 5X20,공연실황,츠츠미 유키히코,"오노 사토시, 사쿠라이 쇼, 아이바 마사키",1,일본 국민 그룹 아라시의 데뷔 20주년 기념 콘서트 실황<br/>총 51회 공연, 누적 관객 수 237만 5천 명, 일본 역사상 최다 관객을 동원한 레전드 투어<br/>2019년 12월 23일, 아라시 멤버 5명과 5만 2천여명의 팬들이 함께 호흡했던 그날의 감동을 담다,,,,,,,
213733,극장판 주술회전 0,애니메이션,박성후,"오가타 메구미, 하나자와 카나, 코마츠 미카코",1,어릴 적 소꿉친구인 오리모토 리카를 교통사고로 눈앞에서 잃은 옷코츠 유타.<br/><br/>“약속해, 리카와 유타는 어른이 되면 결혼하기로”<br/>옷코츠는 원령으로 변한 리카의 저주에 괴로워한 나머지, 자신도 죽기를 바라지만 최강의 주술사인 고죠 사토루에 의해 주술고전에 들어가게 된다. 그리고 동급생인 젠인 마키, 이누마키 토게, 판다를 만나면서 굳은 결심을 한다.<br/><br/>“살아도 된다는 자신감이 필요해”<br/>“나는 주술고전에서 리카의 저주를 풀겠습니다”<br/>한편, 옷코츠와 친구들 앞에 과거에 일반인을 대량으로 학살해서 고전에서 추방된 최악의 주저사인 게토 스구루가 나타난다.<br/><br/>“12월 24일, 우리는 백귀야행을 결행한다”<br/>주술사만의 낙원을 만들려는 게토는 비술사를 섬멸하겠다면서, 신주쿠와 교토에 천의 저주를 내리는데…과연 옷코츠는 게토를 막을 수 있을까? 그리고 리카의 저주를 풀 수 있을까?,,,
188831,녹턴,다큐멘터리,정관조,,1,오직 음악만 잘할 뿐, <br/>자폐 스펙트럼 장애가 있는 ‘성호’는 <br/>엄마 ‘민서’가 없으면 혼자서 면도도 하지 못한다.<br/>엄마는 단 하나, ‘성호’의 음악을 위해 모든 걸 바쳤지만 <br/>동생 ‘건기’는 그런 형이 '하찮고 쓸모 없다'고 생각한다. <br/><br/>그러나, 시간이 흐르면서 형의 음악은 점점 빛을 발하고<br/>동생은 형과 엄마의 인생에서 무언가를 발견하게 되는데...,,,,,,,
14109,마음의 행로,"드라마, 멜로/로맨스",머빈 르로이,"로널드 콜먼, 그리어 가슨",1,전투 도중 부상을 입고 기억 상실증에 언어장애까지 겹친 챨스(Charles Rainer/John 'Smithy' Smith: 로날드 콜맨 분)는 종전 되던 날 안개를 틈타 수용소를 몰래 빠져 나온다. 그 뒤 챨스는 폴라(Paula: 그리어 가슨 분)를 만나 건강도 되찾고 결혼해 아들도 낳는 한편 작가로 입문하는데 리버풀에 연재기사를 계약하러 혼자 갔다 교통사고를 당해 폴라와 같이 산 세월만 기억을 못하게 된다. 명문의 아들인 챨스는 그 뒤 고향으로 돌아가 사업가로 대성하나 기억하지 못하는 세월 때문에 뭔가 늘 허전해 하며 열쇠를 만지작 거리며 산다. 한편 폴라는 잡지에 난 챨스의 사진을 보고 챨스의 개인 비서로 일하게 되고 사실은 밝히지 않고 챨스를 훌륭히 보필하면서 기억이 되살아 나기만 기다리며 안타까와 한다. 챨스가 국회의원이 되자 둘은 결혼해 형식적인 부부가 되어 폴라는 챨스의 의정활동을 돕다가 끝내는 기억이 되살아나 재회하게 된다.,,,,,,,,,,
172174,어느 가족,드라마,고레에다 히로카즈,"릴리 프랭키, 안도 사쿠라, 마츠오카 마유",1,안도 사쿠라,마츠오카 마유,할머니의 연금과 물건을 훔쳐 생활하며 가난하지만 웃음이 끊이지 않는 어느 가족.<br/>우연히 길 위에서 떨고 있는 한 소녀를 발견하고 집으로 데려와 가족처럼 함께 살게 된다.<br/>그런데 뜻밖의 사건으로 가족이 뿔뿔이 흩어지게 되고 각자 품고 있던 비밀과 간절한 바람이 드러나게 되는데…,,,,,,,,
217038,드래곤볼 슈퍼: 슈퍼 히어로,"애니메이션, 액션, 모험",코다마 테츠로,"노자와 마사코, 후루카와 토시오, 미나구치 유코",1,레드리본군은 손오공의 손에 절멸했다.<br/>그러나 레드리본군의 정신을 계속해서 이어받고 있던 몇몇 사람들이<br/>궁극의 인조인간 ‘감마1’과 ‘감마2’를 만들었다.<br/>이들 두 인조인간은 자신을 ‘슈퍼 히어로즈’라 부른다.<br/>이들이 피콜로와 손오반을 공격하기 시작하는데…<br/>레드리본군의 새로운 목표는 무엇인가?<br/>다가오는 위험에 맞서 이제 깨어날 시간이다, 슈퍼 히어로!,,,,,,,,,
213481,뽀로로 극장판 드래곤캐슬 대모험,애니메이션,"강승훈, 윤제완","이선, 이미자, 김현지",1,깊은 산속 드래곤캐슬에<br/>꼬마 드래곤 왕 아서의 막강한 힘이 봉인된 보석 ‘드래곤 하트’를 빼앗아<br/>왕이 되려는 수상한 마법사 게드가 나타난다.<br/><br/>한편, 우연히 ‘드래곤 하트’의 힘을 흡수한 크롱이<br/>자이언트 크롱으로 변하면서 뽀로로와 친구들 역시 위험에 처한다.<br/><br/>아서와 뽀로로와 친구들은<br/>악당 마법사 게드로부터 힘을 되찾고 친구들을 구하기 위해<br/>무적의 메카드래곤을 만들어 드래곤캐슬로 향하는데…!<br/><br/>뽀로로와 친구들의 판타지 액션 어드벤처!<br/>과연 드래곤캐슬과 소중한 친구들을 지켜낼 수 있을까?,,,,,,,,,
17192,러브 스토리,드라마,배창호,"배창호, 김유미",1,늦여름의 어느 오후, 인테리어 코디네이터인 김수인은 여러 모습의 사람들로 북적대는 벼룩시장에서 괴짜 영화감독 하성우와 우연히 맞부딪친다. 예민한 감성의 소유자이며 완벽주의에 가까울 정도로 매사 철저한 수인에 비해 몇해째 작업을 쉬고 있는 하성우는 일상생활에는 무신경해 보일 정도로 털털한 성격을 가진 노총각. 첫 만남부터 서로의 모습에 매력을 느끼고 두사람의 관계는 성우의 적극적인 프로포즈에 의해 매일매일의 데이트로 이어진다. 가을이 깊어갈 무렵 수인과 성우는 평화로운 지리산 농가로의 여행길에 오르고 남자를 받아들이기까지 좀더 진지한 준비가 필요하다고 생각하는 수인 때문에 각자 다른방에서 밤을 보낸다. 그러나 옆방에 잠들어 있을 성우의 존재감으로 뒤척이던 수인은 성우와의 사랑에 대해 너그러워지는 자신을 발견하고는 비로서 편안한 마음으로 잠자리를 함께 하게 된다.<br/> 하지만 정작 문제는 지금부터. 수인을 소유했다는 만족감에서 비롯된 기쁨에 사로잡힌 성우의 무신경한 농담과 격식을 갖추지 않은 구혼은 수인의 예민한 자존심을 흔들어 놓고 성우는 성우대로 수인의 날카로운 반응에 몹시 언짢아진다. 시간이 흐르고 다시 홀로 서있는 자신들의 모습을 들여다보게 된 수인과 성우는 '사랑'의 신성한 의미를 되새기며 서로를 그리워하고 있음을 깨닫지만 재회란 그리 쉽지 않다. 결국 주체할 수 없는 감정에 이끌린 성우는 초겨울 새벽길을 달려 수인의 집앞에 이르고 지난날 보다 더 큰 사랑으로 맺어지기를 원하고 있는 서로의 모습을 확인한다. 수인의 따스한 손에 처음으로 그녀의 방에 초대된 성우는 평생의 반려자가 되어 줄 것을 청하고 헤어져 있는 동안 성우에 대한 깊은 애정과 믿음을 갖게 된 수인은 그의 청혼을 받아들이고 앞으로 펼쳐질 인생에서 사랑과 우정을 함께 나눌것임을 약속하며 포옹한다.,,,,,,,,,
201073,코다,드라마,션 헤이더,"에밀리아 존스, 퍼디아 월시-필로, 트로이 코처",1,24/7 함께 시간을 보내며 소리를 들을 수 없는 가족을 세상과 연결하는 코다 '루비'는 <br/>짝사랑하는 '마일스'를 따라간 합창단에서 노래하는 기쁨과 숨겨진 재능을 알게 된다.<br/><br/>합창단 선생님의 도움으로 마일스와의 듀엣 콘서트와 버클리 음대 오디션의 기회까지 얻지만<br/>자신 없이는 어려움을 겪게 될 가족과 노래를 향한 꿈 사이에서 루비는 망설이는데…,,,,,,,,,,
10133,고래사냥,드라마,배창호,"김수철, 이미숙, 안성기",1,소심한 병태는 짝사랑하던 여대생 미란에 대한 구애에 실패하고 좌절을 느껴 고래사냥을 위해 가출한다. 그는 거리를 배회하다가 거렁뱅이 민우를 만나 어울린다. 도시를 유전하던 그들은 윤락가에서 벙어리 여인 춘자를 만난다. 병태는 민우의 도움을 얻어 춘자의 잃어버린 말과 고향을 찾아주기로 하고 그녀를 구출시켜 귀향길에 오른다. 어렵고 괴로운 여행으로 춘자는 말을 되찾고 그리운 어머니의 품에 안긴다. 그리고 병태는 고래는 먼 바다에 있는 것이 아니라 바로 이웃에 대한 사랑의 실천이라는 것을 깨닫는다.,,,,,,,,,,
201799,작은새와 돼지씨,다큐멘터리,김새봄,"김춘나, 김종석, 김새봄",1,소녀 감성의 작은새와 흥도 많고 호탕하지만 눈물 많은 돼지씨는<br/>연애 시절 시처럼 감미로운 손편지로 사랑을 속삭였다.<br/>이들은 어느덧 황혼의 부부가 되어 글과 그림에 담아낸다.,,,,,,,,,,
185282,타오르는 여인의 초상,드라마,셀린 시아마,"아델 에넬, 노에미 메를랑, 루아나 바야미",1,초상화를 그리는 화가 마리안느(노에미 멜랑)는 <br/>원치 않는 결혼을 앞둔 귀족 아가씨 엘로이즈(아델 에넬)의 결혼 초상화 의뢰를 받는다. <br/>엘로이즈 모르게 그림을 완성해야 하는 마리안느는 비밀스럽게 그녀를 관찰하며<br/>알 수 없는 묘한 감정의 기류에 휩싸이게 된다.  <br/><br/>잊을 수 없는, 잊혀지지 않을 사랑의 기억을 마주하게 할 걸작을 만난다!,,,,,,,,,
189568,웰컴 투 X-월드,다큐멘터리,한태의,"최미경, 한태의 ,한흥만",1,구로동 집에는 나, 엄마 그리고 친할아버지가 산다.<br/>12년 전 아빠가 돌아가신 후에도<br/>엄마는 시아버지를 모시고 산다.<br/>희생하는 엄마를 보고 자란 나는 결혼이 싫다,,,,,,,,,
213434,테이크오프: 파도위에 서다,드라마,강대희,"박서진, 조재윤, 임시현",1,얼떨결에 오게 된 양양, 얼떨결에 도전해본 서핑.<br/>꿈은 많고, 되는 건 없는 20대 청춘 세진에게 파도는 말한다.<br/>“일단 넘어져!” 뭐든 한번 해보면, 다음은 보드위에 올라설 수 있다고.<br/>세진은 시원하게 넘어지기 위한 발걸음을 떼기 시작한다.,,,,,,,
154793,무녀도,"애니메이션, 뮤지컬",안재훈,"소냐, 김다현, 장원영",1,영험이 점점 사라져가는 것을 느끼는 이름난 무녀 ‘모화’<br/>아들 ‘욱이’를 절에 보내고 아픈 딸 ‘낭이’를 애지중지 키우며 살아간다.<br/>하지만 10년 만에 돌아온 아들 ‘욱이’와 그가 섬기는 예수님이<br/>‘모화’ 자신의 삶을 점점 흔들기 시작하는데...<br/><br/>스러지는 모화의 삶, 마지막 굿판이 시작된다!,,,,,,,,,
218810,"어쩌다 공주,  닭냥이 왕자를 부탁해!","애니메이션, 판타지, 모험",줄리앙 프루네,,1,왕좌를 노리는 마법사 트리스탄을 막기 위해 <br/>필은 엉망진창 원정대를 이끌고 <br/>마법의 저주가 걸린 숲으로 모험을 떠나는데 <br/><br/>어쩌다 시작된 <br/>필 공주와 일곱 기사들의 대환장 판타지 어드벤처!,,,,,,,,,,
187321,1917,"드라마, 전쟁",샘 멘데스,"조지 맥케이, 딘-찰스 채프먼",1,제1차 세계대전이 한창인 1917년.<br/>독일군에 의해 모든 통신망이 파괴된 상황 속에서<br/>영국군 병사 '스코필드'(조지 맥케이)와 '블레이크'(딘-찰스 채프먼)에게 하나의 미션이 주어졌다.<br/><br/>함정에 빠진 영국군 부대의 수장 '매켄지' 중령(베네딕트 컴버배치)에게<br/>'에린무어' 장군(콜린 퍼스)의 공격 중지 명령을 전하는 것!<br/><br/>둘은 1600명의 아군과 '블레이크'의 형(리차드 매든)을 구하기 위해<br/>전쟁터 한복판을 가로지르며 사투를 이어가는데...,,,,,,,,,,
17059,중경삼림,드라마,왕가위,"임청하, 양조위, 왕페이",1,1994년 홍콩,"<br/><br/>“내 사랑의 유통기한은 만 년으로 하고 싶다”<br/>만우절의 이별 통보가 거짓말이길 바라며 술집을 찾은 경찰 223<br/>고단한 하루를 보내고 술집에 들어온 금발머리의 마약밀매상<br/><br/>""그녀가 떠난 후 이 방의 모든 것들이 슬퍼한다""<br/>여자친구가 남긴 이별 편지를 외면하고 있는 경찰 663<br/>편지 속에 담긴 그의 아파트 열쇠를 손에 쥔 단골집 점원 페이<br/><br/>네 사람이 만들어낸 두 개의 로맨스<br/>새로운 사랑을 만나는 방법에 대한 독특한 상상력",,,,,,,,,
195450,아웃포스트,"전쟁, 드라마",로드 루리,"올랜도 블룸, 스콧 이스트우드, 케일럽 랜드리 존스",1,사방이 산으로 둘러싸인 방어 불가 지상 최악의 전초기지!<br/>적의 공격에 무방비하게 노출될 수밖에 없는 이곳 <br/>아군의 지원은 물론 제대로 된 보급조차 기대하기 힘들다. <br/>군 조사단조차 ‘명백히 방어 불가능’ 이라는 판정을 내린 상태. <br/>호시탐탐 기회를 엿보는 적들로, 매일매일이 위험한 상황 속 총공세가 시작 되는데…,,,,,,,,,
10764,기쁜 우리 젊은 날,"드라마, 멜로/로맨스",배창호,"안성기, 황신혜, 최불암",1,영민(안성기 분)은 대학 시절 연극 공연을 통해 처음 본 혜린(황신혜 분)을 짝사랑하여 그녀의 연극공연 때마다 익명으로 꽃, 과일 등을 보내고 공연 사진을 앨범으로 만들어 정성껏 보내곤한다. 그러나 혜린은 오성우란 산부인과 전문의와 결혼을 하고 뉴욕으로 떠난다. 그후 어느날 영민은 지하철에서 추억의 여인이 되어버린 혜린을 발견한다. 그녀는 이혼녀의 모습이었다. 혜린의 상처와 슬픔이 클 수록 영민의 사랑은 배가 되고 혜린은 결혼을 승락한다. 하지만 혜린은 임신중독 증세를 보여 산모의 생명을 장담할 수 없다는 의사의 말에 영민은 수술을 권하나 혜린은 진정으로 사랑했던 영민의 아이를 낳기를 소망한다. 결국 혜린은 아이를 낳고 죽고, 영민은 엄마와 꼭 배닮은 딸 아이를 행복하게 키운다.,,,,,,,,
217472,엘비스,드라마,바즈 루어만,"오스틴 버틀러, 톰 행크스",1,미국 남부 멤피스에서 트럭을 몰며 음악의 꿈을 키우던 19살의 무명 가수 ‘엘비스’.<br/>지역 라디오의 작은 무대에 서게 된 ‘엘비스’는 어디서도 본 적 없는 몸짓과 퍼포먼스로 무대를 압도하고,<br/>그에게 매료된 관객들에게 뜨거운 환호성을 받는다. <br/>쇼 비즈니스 업계에서 일하던 ‘톰 파커’는 이를 목격하고<br/>‘엘비스’에게 스타로 만들어주겠다고 약속하며 함께할 것을 제안한다.<br/><br/>자신이 자라난 동네에서 보고 들은 흑인음악을 접목시킨<br/>독특한 음색과 리듬, 강렬한 퍼포먼스, 화려한 패션까지<br/>그의 모든 것이 대중을 사로잡으며 ‘엘비스’는 단숨에 스타의 반열에 올라선다.<br/>그러나 시대를 앞서 나간 치명적이고 반항적인 존재감은 혼란스러운 시대 상황과 갈등을 빚게 되고<br/>지금껏 쌓아온 모든 것이 한순간에 무너질 수 있다고 압박하는 ‘톰 파커’까지 가세해<br/>‘엘비스’는 그의 뜻과는 다른 선택을 하게 된다.<br/>이로 인해 평생을 함께한 매니저 ‘톰 파커’와의 관계도 조금씩 어긋나기 시작하는데…,,,,,,,
28876,화양연화,"드라마, 멜로/로맨스",왕가위,"장만옥, 양조위",1,화양연화花樣年華<br/>가장 아름답고 찬란했던 시절<br/><br/>같은 날 같은 아파트로 이사 온 ‘첸 부인’과 ‘차우’.<br/>이사 첫날부터 자주 마주치던 두 사람은<br/>‘차우’의 넥타이와 ‘첸 부인’의 가방이<br/>각자 배우자의 것과 똑같음을 깨닫고 그들의 관계를 눈치챈다.<br/><br/>그 관계의 시작이 궁금해진 두 사람은 비밀스러운 만남을 이어가고<br/>감정이 깊어지지 않기 위해 노력하지만," 서로에게 점점 빠져들기 시작한다.<br/>""많은 일이 나도 모르게 시작되죠""",,,,,,,,,
31607,고양이를 부탁해,"드라마, 코미디",정재은,"배두나, 이요원, 옥지영",1,자유롭게 세상을 날고 싶은 엉뚱한 몽상가 태희<br/>사회로 첫 발을 먼저 내딛은 현실주의자 혜주<br/>생계를 위해 꿈은 잠시 뒤로 미뤄둔 꿈많은 모험가 지영<br/>친구들의 든든한 버팀목 쌍둥이 비류와 온조<br/><br/>십대에 만나 모든 게 행복했고 즐거웠던 우리<br/>각자 다른 네 갈래 길의 스무살을 만났다.<br/>그렇게 서로의 길로 향하던 우리에게 갑자기 나타난 고양이 한 마리<br/>우리를 하나의 길로 이어줄 수 있을까?<br/><br/>잘 있었니? 나도 네가 너무 보고 싶었어,,,,,,,,,,
173842,어제 일은 모두 괜찮아,드라마,이성한,"김재철, 윤찬영, 손상연",1,학교와 가정에서 소외된 지근, 용주, 현정, 수연 네 아이들은 외줄 타기를 하듯 위태로운 나날을 보내고 있다.<br/>그 곁에서 낮에는 학생들을 가르치고, 밤에는 거리에서 아이들과 함께하는 교사 민재는<br/>사실은 지켜주지 못한 아이에 대한 아픈 과거로 지금 함께 있는 학생들에게 더욱 필사적으로 노력한다.<br/><br/>그러던 어느 날, 수연이가 위험에 빠지고<br/>이를 구하려는 지근과 용주가 연락이 두절되며 각자의 운명은 소용돌이치는데…!,,,,,
194196,한산: 용의 출현,"액션, 드라마",김한민,"박해일, 변요한, 안성기",1,1592년 4월, 조선은 임진왜란 발발 후 단 15일 만에 왜군에 한양을 빼앗기며 절체절명의 위기에 놓인다.<br/>조선을 단숨에 점령한 왜군은 명나라로 향하는 야망을 꿈꾸며 대규모 병역을 부산포로 집결시킨다.<br/><br/>한편, 이순신 장군은 연이은 전쟁의 패배와 선조마저 의주로 파천하며 수세에 몰린 상황에서도<br/>조선을 구하기 위해 전술을 고민하며 출전을 준비한다.<br/>하지만 앞선 전투에서 손상을 입은 거북선의 출정이 어려워지고,<br/>거북선의 도면마저 왜군의 첩보에 의해 도난 당하게 되는데…<br/><br/>왜군은 연승에 힘입어 그 우세로 한산도 앞바다로 향하고,<br/>이순신 장군은 조선의 운명을 가를 전투를 위해 필사의 전략을 준비한다.<br/><br/>1592년 여름, 음력 7월 8일 한산도 앞바다,<br/>압도적인 승리가 필요한 조선의 운명을 건 지상 최고의 해전이 펼쳐진다.,,,,
126078,본 투 비 블루,드라마,로버트 뷔드로,"에단 호크, 카르멘 에조고,  칼럼 키스 레니",1,“그의 음악에서는 청춘의 냄새가 난다”<br/>| 무라카미 하루키 |<br/><br/>청춘의 음색을 지닌 뮤지션 '쳇 베이커'<br/>모두가 그의 음악을 사랑했지만,<br/>더 이상 연주를 할 수 없어진 순간<br/>연인 ‘제인’과 트럼펫만이 곁에 남았다<br/> <br/>지금 이 순간이 마지막이라도<br/>들려주고 싶은 음악이 있다<br/>살아보고 싶은 인생이 있다<br/>다시, '쳇 베이커'만의 방식으로...,,,,,,,,
33420,후 아 유,멜로/로맨스,최호,"조승우, 이나영",1,2002년 서울, 63빌딩. 30층, 게임 기획자 형태(조승우 분)는 2년 넘게 준비해온 채팅 게임 사이트 ‘후아유’의 대박을 꿈꾼다. 하지만 회사는 자금줄이 끊기고, 월급은 막히고, 여자 친구에게 일방적으로 채이기까지 한다. 그러던 중, ‘후아유’를 비방하는 당돌한 여자 별이를 만난다.<br/> 지하 1층, 수족관 다이버 인주(이나영 분)는 한번도 시연해본 적 없는 인어쇼를 위해 연습에 열중이다. 동료들 모두 마다하는 인어쇼를 준비하며 고군분투하지만 가능성이 안 보이고,수영선수 시절 남자친구였던 호진의 유학 소식에 쓸쓸해하던 중 채팅게임 사이트 ‘후아유’에서 맘이 통하는 친구 멜로를 만난다. 별이가 인주라는 걸 알고 멜로라는 아이디로 의도적으로 접근한 형태는 게임과 현실, 양쪽에서 이중적인 모습의 인주에게 호기심을 느끼다가 그녀의 진실을 알게 되면서 사랑을 느낀다.<br/> 그러나 인주는 멜로가 바로 형태라는 걸 모르는채, 얼굴도 모르는 멜로에게 점점 빠져든다. 형태를 무시하고 멜로만 찾는 인주의 모습에 아이러니를 느끼는 형태.. 급기야 자기의 분신인 멜로를 질투한다. 온라인의 관계와 현실 관계의 간극이 커지면서 갈등하던 형태는 인주를 만나 고백할 것을 결심한다. 서로 연락도, 만나지도 않기로 약속했던 인주도 만나자는 멜로의 제안을 받아들이는데.
26539,그 여름 가장 조용한 바다,드라마,기타노 다케시,"카와하라 사부, 마키 쿠로우도, 오시마 히로코",1,듣지도 말하지도 못하는 주인공 시게루. 쓰레기 수거일을 하는 그의 곁엔 유일하게 여자친구만이 함께 한다. 시게루는 어느 날 바닷가 쓰레기통에서 버려진 서핑보드를 줍는다. 다음날부터 매일 같은 장소를 지나 바다로 걸어가는 시게루와 여자친구. 다른 서핑팀들이 지켜보는 가운데 시게루는 혼자 파도를 타고 여자친구는 바닷가에 앉아 그를 기다린다. 하지만 시게루의 서핑보드는 완전히 망가지고, 결국 돈을 모아 새로운 서핑보드를 구입한다.<br/> 다시 바다로 걸어나가 파도를 타는 시게루와 여전히 그를 지켜보는 여자친구. 한편 이들을 주시하던 서핑 팀은 자신들의 팀에 합류할 것을 권유하고, 시게루는 처음으로 대회에도 나가고 팀원들과 함께 서핑을 즐기게 된다. 그러던 어느 비오는 날 여자친구보다 조금 먼저 바다로 나갔던 시게루는 돌아오지 않는다…,,,,,,,,
201641,공조2: 인터내셔날,"액션, 코미디",이석훈,"현빈, 유해진, 윤아",1,공조 이즈 백! 이번엔 삼각 공조다!<br/><br/>남한으로 숨어든 글로벌 범죄 조직을 잡기 위해 <br/>새로운 공조 수사에 투입된 북한 형사 ‘림철령’(현빈).<br/>수사 중의 실수로 사이버수사대로 전출됐던 남한 형사 ‘강진태’(유해진)는 <br/>광수대 복귀를 위해 모두가 기피하는 ‘철령’의 파트너를 자청한다. <br/><br/>이렇게 다시 공조하게 된 ‘철령’과 ‘진태’!<br/>‘철령’과 재회한 ‘민영’(임윤아)의 마음도 불타오르는 가운데, <br/>‘철령’과 ‘진태’는 여전히 서로의 속내를 의심하면서도 나름 그럴싸한 공조 수사를 펼친다.<br/>드디어 범죄 조직 리더인 ‘장명준’(진선규)의 은신처를 찾아내려는 찰나,<br/>미국에서 날아온 FBI 소속 ‘잭’(다니엘 헤니)이 그들 앞에 나타나는데…!<br/><br/>아직도 짠내 나는 남한 형사,<br/>여전한 엘리트 북한 형사,<br/>그리고 FBI 소속 해외파 형사까지!<br/>각자의 목적으로 뭉친 그들의 짜릿한 공조 수사가 시작된다!,,,,,,
198413,헤어질 결심,"멜로/로맨스, 드라마, 서스펜스",박찬욱,"박해일, 탕웨이, 이정현",1,"산 정상에서 추락한 한 남자의 변사 사건.<br/>담당 형사 '해준'(박해일)은<br/>사망자의 아내 '서래'(탕웨이)와 마주하게 된다.<br/><br/>""산에 가서 안 오면 걱정했어요"," 마침내 죽을까 봐.""<br/><br/>남편의 죽음 앞에서 특별한 동요를 보이지 않는 '서래'.<br/>경찰은 보통의 유가족과는 다른 '서래'를 용의선상에 올린다.<br/>'해준'은 사건 당일의 알리바이 탐문과 신문",<br/>잠복수사를 통해 '서래'를 알아가면서<br/>그녀에 대한 관심이 점점 커져가는 것을 느낀다.<br/><br/>한편, 좀처럼 속을 짐작하기 어려운 '서래'는<br/>상대가 자신을 의심한다는 것을 알면서도<br/>조금의 망설임도 없이 '해준'을 대하는데….<br/><br/>진심을 숨기는 용의자<br/>용의자에게 의심과 관심을 동시에 느끼는 형사<br/>그들의 <헤어질 결심>,,,,,,,
10381,에덴의 동쪽,드라마,엘리아 카잔,"줄리 해리스, 제임스 딘",1,1917년, 캘리포니아 사리나스에서 농장을 경영하는 아담 트라스크(레이몬드 메세이 분)는 두 아이들이 있다. 큰 아들 아론(리차드 타바로스 분)은 모범 청년이었지만 둘째 칼(제임스 딘 분)은 성격이 거칠고 언제나 불만에 찬 눈초리이다. 아담에게는 아내 케이트(조 반 프리트 분)가 있었는데 그녀는 칼을 낳자 남편과 자식을 버리고 집을 나가 그는 아내는 죽었다고 생각하면서 살고 있고 그의 아들들 역시 어머니는 돌아가신 걸로 알고 있다. 아버지 아담은 아들 칼을 그런 부도덕한 아내의 피가 흐른다고 믿고 미워했으며 신앙심이 두텁고 공부를 잘하는 아론을 신뢰하고 사랑했다. 칼은 그런 아버지에게 반항하고 어머니가 도박장을 경영하는 빠의 마담으로 있다는 얘기를 듣고 어느날 기차에 무임승차하여 근처의 어항인 몬트레이로 가 그곳에서 어머니를 만난다. 그러나 칼은 생모에게 그리움과 동시에 그녀의 부도덕한 생활에 혐오감을 느낀다.,,,,,,,,,
204640,육사오(6/45),코미디,박규태,"고경표, 이이경, 음문석",1,우연히 1등 당첨 로또를 주운 말년 병장 ‘천우’.<br/>심장이 터질듯한 설렘도 잠시, 순간의 실수로 바람을 타고 군사분계선을 넘어간 로또.<br/>바사삭 부서진 멘탈을 부여잡고…기필코 다시 찾아야 한다!<br/><br/>우연히 남쪽에서 넘어온 1등 당첨 로또를 주운 북한 병사 ‘용호’.<br/>이거이 남조선 인민의 고혈을 쥐어 짜내는 육사오라는 종이쪼가리란 말인가?<br/>근데 무려 당첨금이 57억이라고?!<br/><br/>당첨금을 눈앞에서 놓칠 위기에 처한 ‘천우’와<br/>북에선 한낱 종이쪼가리일 뿐일 로또를 당첨금으로 바꿔야 하는 ‘용호’.<br/>여기에 예상치 못한 멤버들(?)까지 합류하고 57억을 사수하기 위한 3:3팀이 결성되는데…<br/><br/>주운 자 VS 또 주운 자<br/>아슬아슬 선 넘는 지분 협상이 시작된다!,,,,,,,,,
134963,라라랜드,"드라마, 뮤지컬, 멜로/로맨스",데이미언 셔젤,"라이언 고슬링, 엠마 스톤",1,꿈을 꾸는 사람들을 위한 별들의 도시 ‘라라랜드’.<br/>재즈 피아니스트 ‘세바스찬’(라이언 고슬링)과 배우 지망생 ‘미아’(엠마 스톤),<br/>인생에서 가장 빛나는 순간 만난 두 사람은<br/>미완성인 서로의 무대를 만들어가기 시작한다.,,,,,,,,,
82283,실버라이닝 플레이북,"코미디, 드라마, 멜로/로맨스",데이비드 O. 러셀,"제니퍼 로렌스, 브래들리 쿠퍼, 로버트 드 니로",1,눈치없는 이.남.자. 정말 답이 없다?!<br/>연애세포 완전 파괴, 복구확률 -200%<br/>아내의 외도를 목격하고 한 순간 감정이 폭발해 아내, 직장, 집은 물론, 정신까지 잃게 된 이 남자. <br/>8개월의 병원 생활 후 ‘긍정의 힘’을 믿으며 아내와 자신의 인생을 되찾기 위해 고군분투 노력중! <br/>긍정의 주문을 외우며 마인드 컨트롤을 해보지만, 감정은 통제불능이요 ~아내에게는 접근명령 상태라~ <br/><br/>내숭 없는 이. 여. 자. 정말 대책 없다?! <br/>연애세포 과다 방출, 치유확률 -100%<br/>남편의 죽음 이후 외로움 때문에 회사 내 모든 직원들과 관계를 맺은 티파니.<br/>저돌적인 대시와 내숭 없는 애정 표현으로 티파니는 팻의 인생에 갑자기 뛰어든다. <br/>그의 조깅코스에 불쑥 나타나는가 하면 함께 자자는 말을 거침없이 쏟아내며\<br/>예측불허의 행동으로 팻을 당황스럽게 만드는 그녀, 그런 티파니가 팻은 부담스럽기만 하다. <br/><br/>재생률 100%!  연애세포 복구프로젝트가 시작된다<br/>쉽게 자신에게 넘어오지 않는 ‘팻’을 위해 티파니는 ‘헤어진 아내와의 재결합을 도와주는 대신,<br/>자신과 함께 댄스 대회에 참가’하자는 달콤한 제안을 하는데…<br/><br/>과연 그들은 사랑 때문에 고장(?) 난 러브멘탈을 복구하고 그들만의 ‘실버라이닝’을 찾을 수 있을까?,,
78569,치코와 리타,"애니메이션, 멜로/로맨스","하비에르 마리스칼, 페르난도 트루에바, 토노 에란도","에만 소르 오냐, 리마라 메니시스, 마리오 구에라",1,1948년 쿠바의 하바나, 야망에 찬 천재 피아니스트이자 작곡가인 치코는 어느 날 밤 클럽에서 아름다운 목소리로 노래하는 가수 리타와 만난다. 젊음과 재능으로 빛나는 그들은 곧 사랑에 빠지지만 열정과 욕망, 질투와 오해가 뒤엉키며 안타까운 이별을 맞이한다. 그리고 네온사인 화려한 기회의 도시 뉴욕, 이제 막 그곳에 발을 디딘 치코는 스타로서 성공을 눈 앞에 두고 있는 리타와 재회하게 되는데… 하바나에서 뉴욕 그리고 파리, 할리우드, 라스베가스까지, 사랑과 꿈을 쫓는 그들의 뜨거운 여정이 펼쳐진다.,,,,
10624,천국보다 낯선,드라마,짐 자무쉬,"존 루리, 에스터 벌린트, 리차드 에디슨",1,신세계(The New World)'. 뉴욕 빈민가의 낡은 아파트에 사는 윌리에게 어느 날 사촌 에바가 찾아온다. 갑자기 군식구를 떠맡게 된 윌리는 처음엔 그녀를 성가셔 하지만 10일이 지나 에바가 떠날 무렵이 되자 왠지 모를 아쉬움을 느낀다.<br/> '1년 후(One Year Later)'. 1년 후 윌리는 친구 에디와 함께 에바를 만나러 클리블랜드로 무작정 떠난다. 괴짜 로티 아주머니와 함께 사는 에바는 핫도그 가게 점원으로 무료한 일상을 보내고 있다. 세 사람은 함께 플로리다로 떠나기로 한다.<br/> '천국(Paradise)'. 이들의 여정은 개경주에서 윌리와 에디가 가진 돈을 거의 다 날리게 되면서 어긋나기 시작한다. 두 사람이 남은 돈을 털어 경마에서 마지막 승부를 걸고 있을 때 에바는 우연치 않게 큰 돈을 손에 넣는다. 윌리와 에디를 기다리던 에바는 결국 혼자 공항으로 떠나고, 세 사람은 뿔뿔이 흩어진다. 언제 도착했건 이방인이기는 마찬가지인 이민자들에게 미국이라는 나라는 할리우드 영화가 보여주는 화려하고 꿈같은 파라다이스와는 거리가 멀다. 신세계의 꿈을 안고 도착한 에바에게 이 거대한 나라는 뉴욕이건, 클리블랜드건, 플로리다건 간에 쓸쓸하고 황량할 뿐이다.,,,,,,,
10922,고령가 소년 살인사건,드라마,에드워드 양,"장첸, 양정이",1,14살 소년 샤오쓰(장첸 분)는 국어 성적이 나쁘다는 이유로 중학교 주간부에서 야간부로 반을 옮기게 되고 ‘소공원’파와 어울려 다닌다.<br/>그러던 중 샤오쓰는 양호실에서 밍(양정이 분)이라는 이름의 소녀를 만나게 된다.<br/>소녀는 ‘소공원’파의 보스 허니의 여자로 허니는 샤오밍을 차지하기 위해 경쟁조직인 ‘217’파의 보스를 죽이고 은둔 중이다.<br/>보스의 부재로 통제력을 상실한 ‘소공원’파는 보스 자리를 두고 혼란에 빠지고 돌연 허니가 돌아오게 되면서 ‘소공원’파 내부와 ‘217’파간의 대립이 격해진다.<br/>그리고 밍을 사랑하게 된 샤오쓰도 이들의 싸움에 휘말리게 되는데…,,,,,,,,,,
209730,둠둠,드라마,정원희,"김용지, 윤유선",1,"자신에게 집착하는 엄마 때문에<br/>전부였던 음악을 놓아버린 DJ 이나<br/>길을 걷다 우연히 들려온 비트에<br/>디제잉을 다시 하기로 결심하고<br/>베를린에 갈 수 있는 오디션에 참가하는데...<br/><br/>""두려워도 도망치진 않을 거야""",,,,,,,,,,
180382,태일이,애니메이션,홍준표,"장동윤, 엄혜란. 진선규",1,평화시장에서 재단사 보조로 취직한 태일이는<br/>정식 재단사가 되어 가족의 생계도 꾸리고 동생들 공부도 시키는 것이 꿈이다.<br/><br/>그러나 열심히 일해 재단사가 된 태일이의 눈에 띈 것은<br/>죽도록 일하고 커피 한 잔 값도 받지 못한 채 피를 토하는 어린 여공들의 얼굴이다.<br/>동료를 위하는 따뜻한 마음 만으로는 아무것도 바꿀 수 없고,<br/>‘근로기준법’이 있어도 지켜지지 않는 현실 앞에서<br/>스물두 살 청년 태일이는 스스로 희망의 불꽃이 되기를 결심한다.<br/><br/>“근로기준법을 준수하라! 우리는 기계가 아니다!”,,,,,,,,,
17762,페드라,드라마,줄스 다신,"멜리나 메르쿠리, 안소니 퍼킨스, 라프 발로네",1,아테네에 테세우스라는 용맹하고 고독한 왕이 살았다. 그는 일찍이 비로 맞이했던 아마존 여왕 히폴리테가 아들을 하나 남긴 채 죽자 크레타왕의 딸 페드라와 결혼한다. 페드라는 젊은 날의 왕에게 버림받은 아리아드네의 자매였다. 아테네에 당도한 페드라 공주는 전처 소생의 아들 히폴리투스와 상면하는데..,,,,,,,,,,
195758,헌트,"액션, 드라마",이정재,"이정재, 정우성 , 전혜진",1,[조직 내 숨어든 스파이를 색출하라!<br/>‘사냥꾼’이 될 것인가, ‘사냥감’이 될 것인가!]<br/><br/>망명을 신청한 북한 고위 관리를 통해 정보를 입수한<br/>안기부 해외팀 ‘박평호’(이정재)와 국내팀 ‘김정도’(정우성)는<br/>조직 내 숨어든 스파이 ‘동림’ 색출 작전을 시작한다.<br/>스파이를 통해 일급 기밀사항들이 유출되어 위기를 맞게 되자<br/>날 선 대립과 경쟁 속, 해외팀과 국내팀은 상대를 용의선상에 올려두고<br/>조사에 박차를 가한다.<br/><br/>찾아내지 못하면 스파이로 지목이 될 위기의 상황,<br/>서로를 향해 맹렬한 추적을 펼치던 ‘박평호’와 ‘김정도’는 감춰진 실체에 다가서게 되고,<br/>마침내 ‘대한민국 1호 암살 작전’이라는 거대한 사건과 직면하게 되는데……<br/><br/>하나의 목표, 두 개의 총구<br/>의심과 경계 속 두 남자의 신념을 건 작전이 시작된다,,,,,
198475,재춘언니,다큐멘터리,이수정,,1,기타 공장에서 30년 일해온 ‘재춘’은 어느 날 갑자기 해고 통보를 받는다.<br/>앞에 나서기를 싫어했던 그는 연극 무대에 서고, 일인 시위도 하게 된다.<br/>두 딸의 아버지인 그는 자신의 삶을 박살낸 사장의 사과를 받고 가족과의 시간을 되찾고 싶다.<br/>몇 년이면 끝날 줄 알았던 투쟁이 10년을 넘어가고<br/>투쟁을 그만둘 수도, 계속하기도 힘들던 무렵 재춘은 또다시 새로운 것을 감행한다.,,,,,,,,
204159,성적표의 김민영,드라마,"이재은, 임지선","김주아, 윤아정",1,기숙사 생활을 하며 삼행시 클럽을 만들어 고등학교 생활을 함께 지낸 김민영, 유정희, 최수산나.<br/>영원할 것 같았던 그들의 우정도 졸업과 동시에 각자의 다른 생활 속에서 관계가 소원해진다.<br/>다른 지역에서 대학을 다니는 민영이 갑자기 정희를 집으로 초대하고,<br/>정희는 기쁜 마음으로 민영을 찾아가지만,<br/>자신의 기말 성적을 정정하느라 바쁜 민영에게 정희는 안중에도 없다.<br/>정희는 ‘그럼에도 불구하고’ 민영을 기다린다.<br/>과연 정희와 민영은 다시 예전으로 돌아갈 수 있을까?,,,,,,
209728,모퉁이,드라마,신선,"이택근, 하성국, 박봉준",1,길모퉁이에서 우연히 마주친 영화과 동문<br/>성원(이택근)과 중순(하성국) 그리고 병수(박봉준).<br/>세 사람은 불편한 기류가 흐르는 술자리를 함께한다.<br/><br/>10년의 공백을 채우는 그들의 영화담(談)은<br/>예상치 못한 방향으로 흘러가기 시작하는데...,,,,,,,,,,
89755,레미제라블,드라마,톰 후퍼,"휴 잭맨, 앤 해서웨이, 러셀 크로우",1,빵 한 조각을 훔친 죄로 19년의 감옥살이를 한 장발장(휴 잭맨). 전과자라는 이유만으로 모두의 박해를 받던 장발장은 우연히 만난 신부의 손길 아래 구원을 받고 새로운 삶을 결심한다. 정체를 숨기고 마들렌이라는 새 이름으로 가난한 이들을 도우며 지내던 장발장은 운명의 여인, 판틴(앤 해서웨이)과 마주치고, 죽음을 눈앞에 둔 판틴은 자신의 유일한 희망인 딸, 코제트(아만다 사이프리드)를 장발장에게 부탁한다. 그러나 코제트를 만나기도 전에 경감 자베르(러셀 크로우)는 장발장의 진짜 정체를 알아차리고, 오래된 누명으로 다시 체포된 장발장은 코제트를 찾아 탈옥을 감행하는데…,,,,,,
18743,비브르 사 비,드라마,장 뤽 고다르,"안나 카리나, 사디 레보트, 안드레 S. 라바르트",1,레코드샵의 점원으로 일하는 ‘나나’<br/>삶의 고단함 속에서도 세상을 놀라게 할 배우가 되겠다는 꿈을 가지고 있지만<br/>생존을 위해 ‘거리의 여자’가 되기로 한다<br/><br/>가혹하기만 한 ‘나나’의 삶에 운명처럼 사랑이 찾아오고<br/>그토록 그녀가 바라던 꿈을 펼칠 수 있는 기회도 갖게 되지만,<br/>곧 그 자유마저 빼앗길 위기에 처하고 마는데…<br/><br/>“나는 자유로워”,,,,,,,,,
192150,모가디슈,"액션, 드라마",류승완,"김윤석, 조인성, 허준호",1,내전으로 고립된 낯선 도시, 모가디슈<br/>지금부터 우리의 목표는 오로지 생존이다!<br/><br/>대한민국이 UN가입을 위해 동분서주하던 시기 <br/>1991년 소말리아의 수도 모가디슈에서는 일촉즉발의 내전이 일어난다.<br/>통신마저 끊긴 그 곳에 고립된 대한민국 대사관의 직원과 가족들은<br/>총알과 포탄이 빗발치는 가운데, 살아남기 위해 하루하루를 버텨낸다.<br/>그러던 어느 날 밤, 북한 대사관의 일행들이 도움을 요청하며 문을 두드리는데…<br/><br/>목표는 하나, 모가디슈에서 탈출해야 한다!,,,,,,
207876,풀타임,"드라마, 스릴러",에리크 그라벨,"로르 칼라미, 앤 수아레즈, 제네비에브 무니치",1,파리 교외에서 홀로 두 아이를 기르는 쥘리는 파리 시내의 호텔 룸메이드로 일하며 장거리 출퇴근을 하고 있다.<br/>그녀는 직장 상사 몰래 원하는 직장에 면접을 보게 되고 새로운 삶이 열릴 거라 기대한다.<br/>그런데 전국적인 교통 파업이 발생하여 대중교통 시스템이 마비되자<br/>자신의 직장도, 새롭게 얻으려는 직장도, 자신의 가정도,<br/>아슬아슬하게 부여잡고 있던 일상의 모든 것이 엉망이 될 위기에 처한다.<br/>오늘도 지각 위기에 놓여 절박한 표정으로 파리 시내를 전력 질주하는 쥘리.<br/>싱글맘의 전쟁 같은 삶에 과연 평화와 여유가 찾아올까?,,,,,,,
26545,큐어,"범죄, 스릴러",구로사와 기요시,"야쿠쇼 코지, 하기와라 마사토, 우지키 츠요시",1,도쿄 지역에서 동일한 방식의 엽기적인 연쇄 살인사건이 발생한다.<br/>놀라운 것은 체포된 범인들이 하나같이 회사원, 교사, 경찰, 의사 등 평범한 사람들이라는 것.<br/>평소 아무 문제가 없던 사람들이 똑같은 방식으로 살인을 저지른 것에 의문을 품은<br/>다카베 형사(야쿠쇼 고지)는 이들이 모두 한 남자를 만난 후<br/>범행을 저질렀다는 사실을 알게 된다.,,,,,,,
103178,리스본행 야간열차,"미스터리, 멜로/로맨스, 스릴러",빌 어거스트,"제레미 아이언스, 멜라니 로랑, 잭 휴스턴",1,오랜 시간 고전문헌학을 강의 하며 새로울 게 없는 일상을 살아온 ‘그레고리우스’(제레미 아이언스)는 폭우가 쏟아지던 어느 날, 우연히 위험에 처한 낯선 여인을 구한다. 하지만 그녀는 비에 젖은 붉은 코트와 오래된 책 한 권, 15분 후 출발하는 리스본행 열차 티켓을 남긴 채 홀연히 사라진다. ‘그레고리우스’는 난생 처음 느껴보는 강렬한 끌림으로 의문의 여인과 책의 저자인 ‘아마데우 프라두’(잭 휴스턴)를 찾아 리스본행 야간열차에 몸을 싣게 되는데…,,,,,,,,
13244,킬 빌 - 1부,액션,쿠엔틴 타란티노,우마 서먼,1,"{""복수는 식혀서 먹어야 맛있는 음식과 같다(복수는 천천히 하는 것이 좋다: Revenge Is A Dish Best Served Cold.)"" - 옛 클린건 속담(Old Klingon Proverb)}<br/> 어느 한적한 오후", 행복한 결혼식을 앞둔 ‘더 브라이드’와 그녀의 신랑, 그리고 모든 하객들이 의문의 조직에 의해 처참하게 살해당한다. 순백의 웨딩드레스는 피로 얼룩져 결혼식장은 아수라장이 되는데......<br/> 그로부터 5년 후, 코마상태의 ‘더 브라이드’는 죽음 직전까지 갔다가 어렵게 깨어난다. 그리고 피로 얼룩진 과거가 그녀의 뇌리에 스치면서 서서히 복수의 리스트를 작성하기 시작한다.<br/> ‘더 브라이드’는 전세계적으로 악명높은 살인조직 ‘데들리 바이퍼스’의 일원이었고, 조직의 보스인 ‘빌’을 포함한 5명의 일원이 그녀를 처참하게 무너뜨렸음이 밝혀지자, 그녀는 텍사스, LA, 멕시코, 중국, 일본을 차례로 방문하며 가장 잔인한 복수를 실행하게 되는데.,
20329,순응자,드라마,베르나르도 베르톨루치,"장-루이 트린티냥, 스테파니아 산드렐리",1,로마의 유복한 집안에서 자란 마르첼로는 어린 시절의 트라우마와 정신병원에 입원해 있는 아버지로 인해 불안에 시달린다. 남들처럼 평범하게 살아가는 것이 유일한 목적인 그는 평범한 가정을 이루고자 중산층 집안의 줄리아와 결혼하고, 대중의 강력한 지지를 받는 무솔리니 정권의 비밀경찰에 자원한다. 첫 임무로, 자신의 스승이자 프랑스에서 정치적 망명 중인 반독재 인사 콰드리 교수의 암살을 지시받은 마르첼로는 파리로 신혼여행을 떠나 콰드리 교수와 그의 아내 안나에게 접근한다. 처음엔 경계와 의심을 늦추지 않던 이들 부부는 그를 차차 신뢰하게 되지만, 안나에게 걷잡을 수 없이 끌리게 된 마르첼로는 자신의 본심과 임무 사이에서 혼란을 겪게 되는데…,,,,,,,
196393,멋진 세계,드라마,니시카와 미와,"야쿠쇼 코지, 나가사와 마사미",1,13년간 감옥에 복역 중이던 전직 야쿠자 미카미는 새로운 각오를 품고 출소한다.<br/>변해버린 사회에 적응하기 힘들어 매번 트러블을 일으키지만<br/>주변 이웃들의 작은 관심과 애정으로 자신도 무언가를 할 수 있다는 희망을 품기 시작한다. <br/>자신의 갱생의 모습을 다큐멘터리로 제작하고 싶어 하는 진지한 청년과도 만난다.<br/>하지만 13년이라는 시간의 공백과 범죄자라는 낙인은 쉽게 지워지지 않고 <br/>정상이라 말하는 이 세상은 자신이 소중히 지켜온 것마저 버리게 만들어 버린다.<br/><br/>이 세상은 과연 그가 꿈꾸던 멋진 세계인가?,,,,,,,,,,
206637,애프터 양,"드라마, SF",코고나다,"콜린 파렐, 조디 터너 스미스, 저스틴 H. 민",1,함께 살던 안드로이드 인간 ‘양’이 어느 날 작동을 멈추자<br/>제이크 가족은 그를 수리할 방법을 찾는다.<br/>그러던 중, ‘양’에게서 특별한 메모리 뱅크를 발견하고<br/>그의 기억을 탐험하기 시작하는데…<br/><br/>무엇을 남기고 싶었어, 양?,,,,,,,,
204176,말아,드라마,곽민승,"심달기, 정은경, 우효원",1,전염병 유행으로 집에만 콕 박혀 있는 청년 백수 ‘주리’<br/>배고픔도 실연의 아픔도 모두 집에서 해결한다<br/><br/>어느 날 자취방을 부동산에 내놓았다는 연락과 함께<br/>엄마의 김밥집을 운영하라는 미션이 주어지는데…<br/><br/>인생도 김밥처럼 요령껏 말 수 없나?<br/>스물다섯 주리의 명랑한 자력갱생이 시작된다,,,,,,,,,,
38453,커피와 담배,드라마,짐 자무쉬,"로베르토 베니니, 케이트 블란챗, 빌 머레이",1,시끄럽고 허름한 카페, 로베르토와 스티븐은 커피에 중독되어 덜덜 떨리는 손으로도 연신 진한 커피를 들이켜댄다. 커피와 담배에 대한 예찬으로 일관된 선문답은 희한하게도 계속 이어지고 로베르토는 어이없게도 스티븐의 치과 약속을 대신 가주려고 하는데….,,,,,,,,,
31477,릴리 슈슈의 모든 것,드라마,이와이 슌지,"이치하라 하야토, 오시나리 슈고",1,릴리 슈슈'의 노래를 너무나 사랑하는 열네 살 소년 유이치. 그러나 그의 일상은 힘들다. 둘도 없는 단짝 친구 호시노가 어느날 반 아이들의 리더가 되어 자신을 이지메 시키고 첫사랑 쿠노 역시 이지메를 당하지만 그녀를 도와주기에는 자신의 슬픔을 감당하기에도 벅차다. 소년의 유일한 안식처는 오로지 영혼을 뒤흔드는 듯한 ‘릴리 슈슈’의 노래 뿐... 그러나 현실은 노래로 감출 만큼 만만하지 않다...,,,,,,,,,,
46689,한여름밤의 재즈,"다큐멘터리, 공연실황","아람 아바키안, 버드 스턴",지미 지우프리,1,어느 화창한 여름 날, 휴양 도시 뉴포트로 삼삼오오 모이기 시작하는 사람들.<br/>그들을 반기는 낭만 가득한 여름 바다와 감미로운 재즈 선율.<br/><br/>루이 암스트롱, 마할리아 잭슨, 셀로니어스 몽크, 척 베리, 아니타 오데이…<br/>해가 지면 역사상 가장 위대한 재즈 페스티벌의 막이 오른다!,,,,,
201863,혼자 사는 사람들,드라마,홍성은,"공승연, 정다은",1,집에서도 밖에서도 늘 혼자가 편한 진아.<br/>사람들은 자꾸 말을 걸어오지만, 진아는 그저 불편하다.<br/>회사에서 신입사원의 1:1 교육까지 떠맡자 괴로워 죽을 지경.<br/>그러던 어느 날, 출퇴근길에 맨날 말을 걸던 옆집 남자가<br/>아무도 모르게 혼자 죽었다는 걸 알게 된다.<br/>그 죽음 이후, 진아의 고요한 일상에 작은 파문이 이는데…<br/><br/>저마다 1인분의 외로움을 간직한, 우리들 이야기,,,,,,
194074,나는 나를 해고하지 않는다,드라마,이태겸,"유다인, 오정세",1,7년간 근무했던 회사에서 하청 업체로 파견 명령을 받은 정은,<br/>자신의 자리를 찾아보려 하지만 사람들은 그녀를 불편해하고, 현장 일은 낯설다.<br/>그러나 반드시 1년을 채워 원청으로 돌아가고 싶은 정은은<br/>‘막내’의 도움으로 점점 적응해가는데…<br/>1년의 파견, 살아남기 위해 치열하게 도약하다!<br/><br/>제38회 파지르국제영화제 Eastern Vista 여우주연상,,,,,,,
191139,9명의 번역가,"미스터리, 스릴러",레지스 로인사드,"올가 쿠릴렌코, 알렉스 로더, 리카르도",1,알렉스 로더,리카르도 스카마르치오,"화제의 베스트셀러 ‘디덜러스‘.<br/>이 책의 마지막 장 출판을 위해 9개국의 번역가들이 고용된다.<br/><br/>결말 유출을 막기 위해 아무도 나갈 수 없는 <br/>지하 밀실에서 작업을 시작한 그들. <br/>하지만 곧 첫 10페이지가 인터넷에 공개된다.<br/><br/>그리고 편집장 ‘에릭’에게 도착한 한 통의 메시지.<br/><br/>""돈을 보내지 않으면 다음 100페이지를 공개하겠다.”<br/><br/>‘에릭‘은 모든 수단을 동원해 범인을 찾으려 하고",<br/>번역가들은 서로를 의심하기 시작하는데…,,,,,,,
179859,오! 문희,"코미디, 드라마",정세교,"나문희, 이희준",1,평화로운 금산 마을. <br/>불같은 성격에 가족 사랑도 뜨거운 ‘두원’(이희준)에게 <br/>하나뿐인 딸 ‘보미’가 뺑소니 사고를 당했다는 청천벽력 같은 소식이 전해진다. <br/>게다가 현장의 유일한 목격자는  <br/>기억이 깜빡깜빡하는 엄니 ‘문희’(나문희)와 왈왈 짖기만 하는 개 ‘앵자’뿐.<br/><br/>의식 불명 상태로 병원에 있는 ‘보미’.<br/>경찰 수사에 진전이 없자 ‘두원’의 속은 점점 타들어간다. <br/>하지만 예기치 못한 순간 엄니 ‘문희’가 뜻밖의 단서를 기억해내고 <br/>‘두원’은 엄니와 함께 논두렁을 가르며 직접 뺑소니범을 찾아 나서기 시작하는데! <br/><br/>아무도 못 잡으면, 우리가 직접 잡는다!,,,,,,,,,
22380,와룡선생 상경기,코미디,김용덕,"김희갑, 허장강, 윤인자",1,시골 중학교 교장 와룡(김희갑 분)은 ‘출세하려들지 말고 성실하고 진지하게 주변을 사랑하며 살라’는 퇴임사를 남기고 서울에 있는 제자들을 둘러보러 상경한다. 많은 제자들이 마중 나올 줄 알았던 와룡은 서로 미루느라 나오지 않은 제자들에게 실망하고 설상가상으로 한 남자(양훈 분)와 다투고 그 와중에 소매치기까지 당한다. 돈도 없고 갈 곳도 없는 와룡은 성공한 제자의 회사로 직접 찾아간다. 제자들은 돈을 벌 목적으로 선생님 환영 동창회를 열지만 나타나지 않는 제자들에게 와룡은 더욱 실망한다. 그러나 어려운 속에서도 스승을 찾는 제자를 보며 위안을 삼기도한다. 한 편 제자 중 한 명은 와룡을 감금하고 사립학교 설립을 빙자해 동창들에게 돈을 갈취하는데, 이 돈은 소매치기(황해 분)가 된 제자에 의해 도둑맞는다. 뜻 있는 제자에 의해 감금에서 풀려난 와룡. 제자들은 선생님의 뜻을 받들어 사립학교 설립을 추진하지만 소매치기 당한 기부 명단이 문제다. 사립학교 설립 추진을 위한 모임에서 극적으로 소매치기 제자가 기부자 명단과 어음을 들고 반성하며 나타난다. 와룡은 소매치기 제자를 용서하고 스승과 제자들은 하나가 된다.,,,,,,,,,
44354,수면의 과학,"코미디, 판타지, 멜로/로맨스",미셸 공드리,"가엘 가르시아 베르날, 샤를로뜨 갱스부르",1,삭막한 현실에서 벗어나 꿈 속에서 살고픈 드리밍 보이 ‘스테판’.<br/>짝사랑하는 옆집 그녀 ‘스테파니’가 영혼의 짝이라 확신하지만,<br/>그녀의 마음을 얻기란 꿈처럼 쉽지가 않은데…<br/><br/>꿈꾸는 모두를 위한 ‘스테판’의 Sweet Dream!,,,,,,,,,
194789,뱅크시,다큐멘터리,엘리오 에스파냐,"뱅크시, 벤 아인, 스티브 라자리데스",1,강렬한 메시지를 분사하는 얼굴없는 예술가!<br/>미켈란젤로를 제치고 영국인이 가장 사랑하는 예술가 1위!<br/>온 세상의 벽을 칠하는 예술계의 안티히어로!<br/>뱅크시에 대한 매우 흥미롭고 강한 통찰!,,,,,,,,,,
10429,엔젤 하트,"공포, 미스터리, 스릴러",알란 파커,"미키 루크, 로버트 드 니로",1,1955년, 어느 날 ‘사이퍼’라는 사람으로부터 사건 의뢰를 받은 뉴욕 사립 탐정 ‘해리 엔젤’.<br/>세계2차대전 중 부상으로 식물인간이 되어 12년간 병원 생활을 하다<br/>얼마 전 실종된 가수 자니 패이버릿을 찾는 일.<br/>사건 조사는 12년간 그가 입원했던 병원에서부터 시작된다. <br/>그러나 엔젤이 만난 사람들이 차례차례 시체로 발견되고 자니의 행적은 더욱 미묘해지는데…<br/><br/>충격과 공포의 오컬트 명작을 다시 만난다!,,,,,,,,,
194081,홈리스,"드라마, 가족",임승현,"전봉석, 박정연",1,이사를 앞둔 어린 부부 ‘한결’과 ‘고운’,<br/>하지만 설렘도 잠시, 보증금 사기를 당한 것을 알게 된다.<br/>갈 곳이 없어 막막해진 ‘한결’은 ‘고운’을 데리고 어떤 집으로 향한다.,,,,,,,,
206640,다 잘된 거야,드라마,프랑소와 오종,"소피 마르소, 앙드레 뒤솔리에, 제랄딘 팔리아스",1,갑자기 쓰러진 아빠 ‘앙드레’로부터<br/>자신의 죽음을 도와 달라고 부탁받은 딸 ‘엠마뉘엘’.<br/>끝을 선택하고 시작된 조금 다른 작별에 관한 이야기를 담은<br/>프랑수아 오종 감독의 품위 있는 마스터피스,,,,,,,,,,
217035,DC 리그 오브 슈퍼-펫,"애니메이션, 액션, 모험","자레드 스턴, 샘 J. 레빈, ","드웨인 존슨, 케빈 하트, 키아누 리브스",1,케빈 하트,키아누 리브스,하룻강아지 시절, 슈퍼맨과 함께 크립톤 행성에서 지구로 오게 된 슈퍼독 ‘크립토’<br/>환상의 콤비 슈퍼맨과 힘을 합쳐 메트로폴리스를 지키며 평화로운 일상을 보내던 어느 날, <br/>악당 ‘렉스 루터’와 기니피그 ‘룰루’의 계략으로 <br/>슈퍼맨과 저스티스 리그의 슈퍼 히어로들이 위험에 처한다. <br/><br/>절체절명의 순간에 초능력을 잃어버리고만 ‘크립토’는<br/>보호소에 떨어진 크립토나이트의 힘으로 어쩌다 슈퍼 펫이 된 유기동물<br/>철벽방어 댕댕이 ‘에이스’, 위대한 꿀꿀이 ‘피비’, 초고속 거북이 ‘머튼’, 썬더볼트 다람쥐 ‘칩’에게 도움을 요청하는데… <br/>‘크립토’와 어딘가 어설픈 슈퍼 펫 친구들은 저스티스 리그 멤버들을 구할 수 있을까?<br/><br/>슈퍼 히어로 지키는 슈퍼 펫 군단의 파워 댕댕 어드벤처가 온다!,,,
206656,베르히만 아일랜드,"멜로/로맨스, 드라마",미아 한센-러브,"빅키 크리엡스, 팀 로스, 미아 와시코브스카",1,"영화감독 커플인 '크리스'와 '토니'는 <br/>각자 새로운 작품의 시나리오를 집필하기 위해 <br/>잉그마르 베르히만의 포뢰섬으로 향한다.<br/><br/>하지만 모든 것이 순조로운 '토니'와 달리 <br/>'크리스'는 좀처럼 결말로 나아가지 못하고 방황한다.<br/><br/>""오랜 연인의 마지막 장을 쓰고 싶어.<br/>실패와 배신"," 흥분의 연속이면서<br/>가끔 찬란히 행복했던 이야기의 마지막 장을""<br/><br/>그녀 자신과 닮은 듯 닮지 않은<br/>닿을 듯 닿지 않는 이 이야기가... 영화가 될 수 있을까?",,,,,,,,,
173413,논-픽션,드라마,올리비에 아사야스,"줄리엣 비노쉬, 기욤 까네, 빈센트 맥케인",1,종이책과 E북 사이에서 고민에 빠졌다' 성공한 편집장, 알랭<br/>'부부는 욕망만으로 살지 않는다' 아름다운 스타배우, 셀레나<br/>'나의 연애사를 책에 썼다' 작가, 레오나르<br/>'남편의 연애를 눈치챘다' 정치인 비서관, 발레리<br/>'종이책의 시대를 바꾸고 싶다' 젊은 디지털 마케터, 로르<br/><br/>모든 게 완벽한 쿨한 파리지엥들의<br/>지적인 토크가 폭죽처럼 터진다!,,,,,
202465,블랙폰,"스릴러, 공포",스콧 데릭슨,"에단 호크, 메이슨 테임즈, 매들린 맥그로",1,사라진 아이들, 고장 난 전화기, 죽은 친구들과의 통화<br/>전화가 울리면 반드시 받을 것,,,,,,,,
191634,미니언즈2,"애니메이션, 모험, 코미디",카일 발다,"스티브 카렐, 타라지 P. 헨슨, 양자경",1,세계 최고의 슈퍼 악당을 꿈꾸는 미니보스 ‘그루’와 그를 따라다니는 미니언들.<br/>어느 날 그루는 최고의 악당 조직 ‘빌런6’의 마법 스톤을 훔치는데 성공하지만<br/>뉴페이스 미니언 ‘오토’의 실수로 스톤을 잃어버리고 빌런6에게 납치까지 당한다.<br/>미니보스를 구하기 위해 잃어버린 스톤을 되찾아야 하는 ‘오토’, 그리고 쿵푸를 마스터해야 하는 ‘케빈’, ‘스튜어트’, ‘밥’!<br/>올여름 극장가를 점령할 MCU(미니언즈 시네마틱 유니버스)가 돌아온다!,,,,,,,
206638,사랑할 땐 누구나 최악이 된다,"멜로/로맨스, 드라마 , 코미디",요아킴 트리에,"레나테 레인스베, 앤더스 다니엘슨 리, 할버트 노르드룸",1,의학을 공부하던 스물아홉 율리에는 자신이 진짜 원하는 걸 찾아 세상으로 나온다.<br/>파티에서 만난 만화가 악셀과 사랑에 빠진 율리에,<br/>하지만 삶의 다른 단계에서 만난 두 사람은 각자 다른 걸 원했고 조금씩 어긋난다.<br/>“내 삶에서 조연 역할을 하는 것 같아…” 율리에는 인생의 다음 챕터로 달려나간다.,,,,,,,,,
212159,소설가의 영화,드라마,홍상수,이혜영,1,여소설가가 잠적한 후배의 책방으로 먼 길을 찾아옵니다.<br/>그리고 혼자 타워를 오르고 영화감독 부부를 만나고 공원을 산책하다 여배우를 만나게 되고,<br/>여배우에게 당신과 영화를 만들고 싶다 설득을 합니다.<br/>둘이 분식집에서 뭘 먹고, 다시 찾게 되는 후배의 책방에서 술자리가 깊어지고<br/>여배우는 취해 잠이 드는데…,,,,,,,,
213413,기도의 숨결,다큐멘터리,"세실 베스노, 이반 마시카",,1,폴 세잔이 사랑한 알프스 남프랑스<br/>모든 것이 그저 고요하고 아름다운 이곳에<br/>평생을 서약한 성 베네딕도회 수녀들이 있다<br/><br/>“기도하고 일하라(Ora et Labora)”<br/><br/>일하고 먹고 노래하는 모든 호흡에<br/>침묵의 기도가 깃든다,,,,,,,,,,
203720,인플루엔자,"드라마, 스릴러",황준하,"김다솔, 추선우, 안서희",1,이제 막 3개월차가 된 간호사 ‘다솔’.<br/>신종 전염병 확산으로 병원이 급박하게 돌아가자,<br/>얼떨결에 신규간호사 ‘은비’의 교육을 떠맡는다.<br/><br/>다솔은 은비에게 자신이 당한 괴롭힘 ‘태움’을<br/>절대 대물림하지 않겠다고 다짐한다. <br/>하지만 은비가 응급치료 도중 큰 사고를 내자<br/>결국 다솔도 폭발하고 마는데…<br/><br/>전염병, 막을 수 있을까? 태움, 끝낼 수 있을까?<br/>폭력에 관한 가장 슬프고 섬뜩한 진실을 만난다,,,,,,,
218845,쥬라기캅스 극장판: 공룡시대 대모험,애니메이션,김호락,"소연, 황창영, 김영선",1,평화로운 라이트시티, 공찬과 친구들은 학교 앞에서<br/>미니공룡을 팔고 있는 정체불명의 상인들을 발견한다.<br/>그들의 정체는 바로 사라진 줄 알았던 악당, 어부바단!<br/>시간 여행을 할 수 있는 타임큐브를 이용해<br/>공룡시대의 공룡들을 미니공룡으로 만들어 데려 온 뒤, 거대화 시켜 지구를 공격해 온다!<br/><br/>한편, 과거로 돌아간 어부바단이 6,500만 년 전의 젊은 주관장을 공격해<br/>쥬라기캅스의 탄생을 막아 현재의 쥬라기캅스를 소멸시켜버리고<br/>공찬 일행도 타임큐브를 별별해적단에 빼앗겨 공룡시대에 갇히고 만다.<br/>공찬 엄마의 노력으로 공룡시대에서 탈출해 쥬라기캅스의 부활에 성공한 공찬과 친구들!<br/>현재로 돌아와 메카 공룡으로 도시를 공격하는 어부바단과<br/>지구의 운명이 걸린 최종 결투를 벌이게 된다.,,,,,
37493,킬 빌 - 2부,"액션, 스릴러, 드라마, 범죄",쿠엔틴 타란티노,"우마 서먼, 데이빗 캐러딘",1,데이빗 캐러딘,악명높은 ‘데들리 바이퍼’의 최고 암살단원 ‘더 브라이드’는 임신 사실을 알고 태어날 아이를 위해 피묻은 과거를 청산하고자 한다. 동료들의 눈을 피해 평범한 남자와 결혼식을 올리려는 찰라, 다섯명의 ‘데들리 바이퍼’가 그녀를 찾아와 총알세례를 퍼부었다. 4년간의 코마상태에서 깨어난 ‘더 브라이드’는 아이가 죽었다는 사실에 분노의 눈물을 흘리고 복수를 맹세한다. ‘버니타 그린’과 ‘오렌 이시이’를 처치한 그녀에게 이제 ‘버드’와 ‘엘’, 그리고 최종목표인 ‘빌’ 이렇게 셋이 남았다. 그런데, 죽은 줄 알았던 자신의 딸이 살아있다는 소식을 접하게 되고...<br/> ‘데들리 바이퍼’의 냉혹한 보스 ‘빌’. 멤버들 중 가장 강하고 가장 믿음직스러웠던 ‘더 브라이드’가 어느날 갑자기 행방이 묘연해졌다. 누구도 ‘더 브라이드’를 당해낼 수 없기에 당연히 그녀가 돌아오리라 생각했다. ‘빌’은 ‘더 브라이드’가 암살에 실패하고 죽은 줄 알고 깊은 슬픔에 빠졌다. 그런데... 죽은 줄로만 알았던 그녀가 멀쩡히 살아있고, 아이까지 임신했으며, 평범한 남자와 행복한 결혼식을 준비한다는 소식을 들었다. 격분한 ‘빌’은 ‘더 브라이드’를 제거할 것을 명령한다.<br/> 한때는 가장 든든하고 믿음직스러운 파트너였던 ‘더 브라이드’와 ‘빌’! 대체 그들에게 무슨 일이 있었던 걸까. 과연 ‘더 브라이드’는 마지막 복수를 완성할 수 있을 것인가! 그리고 자신의 딸을 만날 수 있을 것인가!,,,,
10835,깊고 푸른 밤,"드라마, 멜로/로맨스",배창호,"안성기, 장미희 , 최민희",1,백호빈(안성기 분)은 미국이라는 거대한 나라에서 부와 기회를 꿈꾸는 야망의 사나이다. 그는 영주권을 얻기 위해 제인(장미희 분)과 결혼을 한다. 제인은 삭막하고, 이기화된 미국이라는 문명사회에서 고독하게 소외된 여인이다. 백호빈과 동거인으로 결혼생활을 하는 동안 제인은 호빈에게 그녀의 삶속에서 마지막으로 찾아온 빛과도 같은 사랑을 느낀다. 이민국 직원의 까다로운 인터뷰 위기를 넘기고 호빈은 미국시민의 자격을 얻는다. 결혼 계약이 끝나갈 무렵, 호빈의 욕망과 제인의 사랑이 부딪쳐 대립한다. 제인은 계약을 위반하며 호빈에게 사랑을 호소하지만 호빈은 본국의 부인과 아이에 대한 일념뿐이다. 결국 호빈의 감추었던 비밀이 드러나며 광적인 난폭성이 폭발, 제인의 인간성을 짓밟고 만다. 드디어 두사람은 이혼여행의 길에 오르며 죽음과 같은 사막위에 허망한 인간의 욕망과 사랑의 결말이 보여진다.,,,,,,,
213417,내가 못 나가는 것도 아닌데,"드라마, 코미디",김충길,"김충길, 이원선, 한동원",1,무명배우 충길과 원선은 친한친구 사이이다.<br/>충길은 원선에게 아는 감독을 소개 시켜 주는데, 생각지도 못한 일이 일어난다.,,,,,,,,,
187523,우먼,다큐멘터리,"얀 아르튀스-베르트랑, 아나스타샤 미코바",,1,여성의 사랑, 모성애, 결혼만이 아닌 독립과 정치에 대한 다양하고 개인적인 경험들…<br/>어디서도 들을 수 없었던 매혹적이면서 충격적인 이야기에<br/>당신은 미치도록 가슴 아픈 동시에 모든 어려움에도 불구하고<br/>세상을 바꿀 수 있다는 엄청난 희망을 느낄 것이다.,,,,,,,,
207924,썬다운,"미스터리, 드라마",미셸 프랑코,"팀 로스, 샤를로뜨 갱스부르",1,부유한 영국인 닐(팀 로스)은 여동생 앨리스(샤를로트 갱스부르) 가족과<br/>멕시코 바닷가에서 휴가를 즐기던 중 어머니 사망 소식을 듣는다.<br/>닐은 여권을 잃어버렸다며 가족들을 먼저 영국으로 보내고<br/>자신은 유유히 어느 해변으로 들어가 일광욕을 즐긴다.<br/>영문을 알 수 없는 그의 일탈은 예상치 못한 사건을 불러 일으키는데…,,,,,,,,,,
199004,썸머 필름을 타고!,"멜로/로맨스, SF",마츠모토 소우시,"이토 마리카, 카네코 다이치, 이노리 키라라",1,시대극 찐팬으로 영화 감독을 꿈꾸는 고교생 ‘맨발’.<br/>영화 동아리에서 자신이 기획한 <무사의 청춘>이 탈락되자<br/>직접 영화를 만들기 위해 절친 ‘킥보드’, ‘블루 하와이’와 드림팀을 결성한다.<br/>우연히 극장에서 만난 미래에서 온 의문의 소년 ‘린타로’를 주인공으로 전격 캐스팅한 ‘맨발’은 <br/>꿈에 그리던 촬영을 시작하지만 예상치 못한 문제가 터지는데…<br/>영화도, 꿈도, 사랑도 Ready Action!<br/>최고의 청춘+로맨스x시대극÷SF 걸작이 온다!,,,,,,,
172299,블레이즈,"멜로/로맨스, 드라마, 뮤지컬",에단 호크,"벤 딕키, 앨리아 쇼캣",1,작은 술집을 떠돌며 노래를 부르던<br/>컨트리 싱어송라이터 '블레이즈'.<br/>그는 따뜻한 영혼을 가진 여인 '시빌'을 만나<br/>운명같은 사랑을 시작한다.<br/><br/>그의 연인이자 뮤즈인 '시빌'을 곁에서<br/>노래를 부르며 행복한 나날을 보내던 '블레이즈'.<br/>어느날, '시빌'의 권유로 더 큰 세상에서<br/>노래를 부르게 되지만,<br/>영원할 줄 알았던 그들의 사랑이 흔들리기 시작한다.<br/><br/>당신에게 돌아가도 될까?,,,,,,,,
192151,외계+인 1부,"액션, 판타지, SF",최동훈,"류준열, 김우빈, 김태리",1,2022년 현재, ‘가드’(김우빈)’와 ‘썬더’는 인간의 몸에 가두어진 외계인 죄수를 관리하며 지구에 살고 있다.<br/>어느 날, 서울 상공에 우주선이 나타나고<br/>형사 ‘문도석’(소지섭)은 기이한 광경을 목격하게 되는데..<br/><br/>한편, 630년 전 고려에선 얼치기 도사 ‘무륵’(류준열)과 천둥 쏘는 처자 ‘이안’(김태리)이<br/>엄청난 현상금이 걸린 신검을 차지하기 위해 서로를 속고 속이는 가운데<br/>신검의 비밀을 찾는 두 신선 ‘흑설’(염정아)과 ‘청운’(조우진),<br/>가면 속의 ‘자장’(김의성)도 신검 쟁탈전에 나선다.<br/>그리고 우주선이 깊은 계곡에서 빛을 내며 떠오르는데…<br/><br/>2022년 인간 속에 수감된 외계인 죄수를 쫓는 이들<br/>1391년 고려 말 소문 속의 신검을 차지하려는 도사들<br/><br/>시간의 문이 열리고<br/>모든 것이 바뀌기 시작했다!,,,,,,
213548,노스맨,드라마,로버트 에거스,"알렉산더 스카스가드, 안야 테일러 조이",1,10세기 아이슬란드, 숙부를 향한 '암레트' 왕자의 복수극을 그린 영화,,,,,,,,,
214480,파로호,스릴러,임상수,"이중옥, 김대건",1,‘도우’(이중옥)는 치매 노모를 돌보느라 <br/>장가도 못 간 마을의 소문난 효자다.  <br/>하지만 노모가 실종되자 사람들은 그를 가장 먼저 의심하고,<br/>오직 단골 미용실 원장(강말금)만 그의 편이다.<br/><br/>얼마 후 정체불명의 남자(김대건)가 나타나 그의 주위를 맴돌고,<br/>알고 지내던 다방 종업원 여자(김연교)는 갑자기<br/>의문스러운 눈빛과 미소로 그를 홀린다.<br/><br/>의심하고 지배하는 자, 의심받고 지배당하는 자... <br/>진실을 삼켜버릴 히스테릭 심리 추격이 시작된다,,,,,,,
85567,트립 투 잉글랜드,코미디,마이클 윈터바텀,"스티브 쿠건, 롭 브라이든",1,<트립 투 이탈리아>를 즐긴 당신, 이번엔 잉글랜드다!<br/>막 중년에 접어든 두 남자 스티브 쿠건과 롭 브라이든은 ‘옵저버‘ 매거진의 제안으로 영국 북부 최고의 레스토랑을 도는 여행을 떠난다.<br/>6일 동안 6개의 레스토랑에서 식사하고 영국 시인 윌리엄 워즈워스의 흔적을 따라가며 예술과 사랑, 인생을 논하는 두 남자.<br/>여전히 인텔리전트한 잉글리쉬 듀오의 먹고 마시고 웃는 여행이 다시 시작된다. Trip Maketh Man!,,,,,,,,
214552,놉,"미스터리, 공포",조던 필,"다니엘 칼루야, 케케 파머, 스티븐 연",1,거대하고, 주목받길 원하고, 미쳤다.<br/>나쁜 기적이라는 것도 있을까?,,,,,,,,
162873,네 멋대로 해라: 장 뤽 고다르,"드라마, 멜로/로맨스",미셀 하자나비시우스,"루이 가렐, 스테이시 마틴, 베레니스 베조",1,”고다르 이전의 영화와 이후의 영화가 존재한다”<br/><br/>1960년 <네 멋대로 해라>로 세계 영화사의 흐름을 바꿨고<br/>1967년 <중국 여인>을 촬영하며 여배우 ‘안느’와 사랑에 빠졌다.<br/><br/>그리고<br/><br/>1968년 영화계의 혁명을 일으켰던 그는<br/>자신의 삶에도 새로운 혁명을 일으키기 시작하는데…<br/><br/>영화사의 이단아? 로맨티스트? 멍청한 반동분자?<br/><br/>전 세계의 존경을 받은 누벨바그 그 자체!<br/>살아있는 누벨바그의 아이콘 ’장 뤽 고다르’ 영화가 되다!,,,,,,,,,,
184519,비상선언,드라마,한재림,"송강호, 이병현, 전도연",1,베테랑 형사 팀장 인호(송강호)는 비행기 테러 예고 영상 제보를 받고 사건을 수사하던 중<br/>용의자가 실제로 KI501 항공편에 타고 있음을 파악한다.<br/><br/>딸의 치료를 위해 비행 공포증임에도 불구하고 하와이로 떠나기로 한 재혁(이병헌)은<br/>주변을 맴돌며 위협적인 말을 하는 낯선 이가 신경 쓰인다.<br/><br/>인천에서 하와이로 이륙한 KI501 항공편에서 원인불명의 사망자가 나오고,<br/>비행기 안은 물론 지상까지 혼란과 두려움의 현장으로 뒤바뀐다.<br/><br/>이 소식을 들은 국토부 장관 숙희(전도연)는 대테러센터를 구성하고<br/>비행기를 착륙시킬 방법을 찾기 위해 긴급회의를 소집하는데…,,,,,,,,,
